{"cameraMode":{"drawMode":0,"name":"Shaded","section":"Shading Mode"},"sceneLighting":true,"audioPlay":false,"sceneViewState":{"m_AlwaysRefresh":false,"showFog":true,"showSkybox":true,"showFlares":true,"showImageEffects":true,"showParticleSystems":true,"showVisualEffectGraphs":true,"m_FxEnabled":true},"in2DMode":false,"pivot":{"x":-10.176071166992188,"y":1.8152046203613282,"z":3.5430564880371095},"rotation":{"x":-0.005066326819360256,"y":-0.9154947996139526,"z":0.4021832048892975,"w":-0.011712197214365006},"size":24.56918716430664,"orthographic":false}